,Word,MeanValence,ValenceStand,MeanArousal,val,letters,frequency,Concreteness,Img,pos,Unnamed: 10,Unnamed: 11,Unnamed: 120,abandonment,2.63,2.63,4.95,0,11,49,2.54,3.48,noun,,,1,ache,3.27,3.27,4.3,0,4,127,3.43,443,noun,,,2,alone,3.85,3.85,4,0,5,15735,2.86,480,noun,,,3,angst,3.5,3.5,5.76,0,5,47,1.96,,adj,,,4,annoyance,2.95,2.95,4.1,0,9,25,2.14,,noun,,,5,annoying,3,3,5.55,0,8,567,2.31,,adj,,,6,anxiety,2.38,2.38,4.78,0,7,345,2.21,,noun,,,7,atrocity,2.95,2.95,5,0,8,32,2.26,404,noun,,,8,awkward,2.95,,4.55,0,7,730,2,,noun,,,9,awkwardness,3.86,3.86,4.65,0,11,32,2.34,,noun,,,10,badness,3.55,3.55,4.38,0,7,29,2.26,,noun,,,11,bastard,3.31,3.31,5.1,0,7,3348,3.14,,noun,,,12,bitterness,3.15,3.15,5.1,0,10,72,2.36,378,noun,,,13,boring,2.71,2.71,2.85,0,6,1398,2.07,,adj,,,14,bummer,2.57,2.57,4.32,0,6,212,1.97,,noun,,,15,burden,3.05,3.05,3.96,0,6,501,2.63,499,noun,,,16,captive,3.27,3.27,4.88,0,7,116,3.03,518,noun,,,17,clingy,3.39,3.39,4.04,0,6,30,2.45,,adj,,,18,comatose,2,2,3.15,0,8,50,3.62,,noun,PosAro,0.343755707,19,contamination,3.11,3.11,6.71,0,13,60,2.7,456,noun,,,20,copycat,3.33,3.33,4.62,0,7,44,3.65,,noun,,,21,coward,2.42,2.42,4.09,0,6,734,2.93,,noun,,,22,creep,2.95,2.95,4.78,0,5,573,3.38,,noun,,,23,crisis,2.05,2.05,6.25,0,6,849,2.33,375,noun,PosFre,,24,criticism,3.84,3.84,5.95,0,9,155,2.07,333,noun,,,25,crybaby,2.95,2.95,5.05,0,7,67,3.29,,noun,,,26,cynic,3.45,3.45,4.68,0,5,56,2.64,377,noun,,,27,deadbeat,2.81,2.81,4.32,0,8,88,2.46,,noun,,,28,defect,2.89,2.89,4.14,0,6,126,2.48,,noun,,,29,degenerate,2.7,2.7,4.68,0,10,93,2.04,,noun,,,30,destroyer,2.16,2.16,6.09,0,9,185,3.59,508,noun,,,31,deterioration,2.89,2.89,5,0,13,26,2.38,,noun,,,32,disappointment,2.79,2.79,4.9,0,14,277,1.93,,noun,,,33,disaster,1.71,1.71,6.35,0,8,881,3.07,,noun,,,34,disgrace,2.45,2.45,4.28,0,8,409,2.11,386,noun,,,35,disgust,3.32,3.32,5,0,7,141,2.19,,noun,,,36,disgusting,2.27,,6.15,0,10,1357,2.21,,adj,,,37,disloyalty,2.57,2.57,5.77,0,10,23,1.5,,noun,,,38,distress,3.25,3.25,4,0,8,371,2.66,443,noun,,,39,disturbance,2.68,2.68,5.19,0,11,201,2.7,,noun,,,40,dropout,3.33,3.33,4.7,0,7,43,3.52,,noun,,,41,dull,3.4,3.4,1.67,0,4,616,2.37,,adj,,,42,dummy,3.66,3.66,3.79,0,5,500,3.96,562,noun,,,43,embarrassed,3.51,3.51,5.38,0,11,1093,2,,adj,,,44,embarrassment,2.72,2.72,5.45,0,13,247,2.43,,noun,,,45,emptiness,3.26,3.26,3.18,0,9,92,2.32,,noun,,,46,error,3.36,3.36,4.43,0,5,473,2.68,408,noun,,,47,failure,2.15,2.15,5,0,7,1021,2.08,437,noun,,,48,faker,2.76,2.76,3.96,0,5,88,2.89,,noun,,,49,filth,2.62,2.62,4.09,0,5,231,4.14,517,noun,,,50,foe,3.15,3.15,4.72,0,3,94,2.96,435,noun,,,51,fool,3.56,3.56,4.86,0,4,4556,3.19,436,noun,,,52,fraud,2.05,2.05,5.18,0,5,512,1.68,381,noun,,,53,friendless,3.15,3.15,4.18,0,10,24,2.3,,adj,,,54,frown,3.35,3.35,3.61,0,5,104,4.08,589,noun,,,55,garbage,2.88,2.88,3.84,0,7,1331,4.69,596,noun,,,56,gloom,2.89,,3.9,0,5,59,1.86,,noun,,,57,grief,2.33,2.33,4.95,0,8,53,2.7,480,noun,,,58,grievance,3.14,3.14,3.92,0,5,552,2.19,340,noun,,,59,gross,3.2,3.2,5,0,5,779,2.96,,adj,,,60,grumpy,2.81,2.81,5.05,0,6,120,2.41,,adj,,,61,hag,2.32,2.32,4.52,0,3,91,3.68,,noun,,,62,hardship,2.8,2.8,5.1,0,8,77,1.79,427,noun,,,63,harm,1.91,1.91,5.9,0,4,1621,2.62,362,noun,PosVal,2.926835443,64,hate,1.96,1.96,6.26,0,4,10944,1.97,462,noun,NegAro,,65,hater,2.33,2.33,4.14,0,5,32,2.21,,noun,,,66,headache,2.22,2.22,4.27,0,8,719,3.9,,noun,,,67,heartbroken,1.95,,6.6,0,11,93,2.37,,adj,,,68,hesitation,3.67,3.67,3.61,0,10,94,2.59,332,noun,,,69,hopeless,2.2,2.2,4.52,0,8,456,1.59,,adj,,,70,hypocrisy,2.62,2.62,3.96,0,9,84,2,,noun,,,71,hypocrite,3.25,3.25,4.77,0,9,166,2.55,,noun,,,72,idiocy,3.1,3.1,4.16,0,6,29,1.75,,noun,,,73,idiot,3.03,3.03,4.85,0,5,3377,3.32,,noun,,,74,immoral,2.79,,5.42,0,7,133,1.59,,adj,,,75,impostor,3.47,3.47,4.6,0,8,101,3.38,,noun,,,76,inadequate,2.57,2.57,4.3,0,10,95,1.96,,adj,,,77,incapable,3.55,3.55,3.9,0,9,173,1.64,,adj,,,78,incompetent,2.77,2.77,4.5,0,11,194,2.03,,adj,,,79,inconvenience,3.05,3.05,6.26,0,13,226,1.73,,noun,,,80,inferior,3.43,3.43,4.55,0,8,156,1.7,,adj,,,81,insecure,2.3,,4.57,0,8,207,1.84,,adj,,,82,insulting,1.89,,4.7,0,9,274,2.29,,adj,,,83,irresponsible,2.5,,5,0,13,237,2.04,,adj,,,84,irritating,2.63,,4.91,0,10,111,2.1,,adj,,,85,jerk,2.43,2.43,6.45,0,4,1690,3.26,479,noun,,,86,lazy,3.05,3.05,3.05,0,4,591,2.67,,adj,,,87,leper,3.3,3.3,4.24,0,5,63,3.74,,noun,,,88,liar,2.41,,6.6,0,4,1792,3.43,,noun,,,89,loner,3.5,3.5,3.94,0,5,158,3.36,,noun,,,90,loser,2.85,2.85,3.94,0,5,1381,2.35,,noun,,,91,lowlife,2.68,2.68,4.29,0,7,105,3.27,,noun,,,92,lunatic,3.47,3.47,5.64,0,7,433,3.27,,noun,,,93,maggot,2,2,5.6,0,6,81,4.97,,noun,,,94,menace,3.13,3.13,4.89,0,6,190,2.3,398,noun,,,95,mess,3.5,3.5,4.7,0,4,3985,3.9,,noun,,,96,miserable,2.6,2.6,5.06,0,9,1096,1.97,,adj,,,97,mistake,2.89,2.89,4.93,0,7,5200,1.97,380,noun,,,98,mousy,3.74,3.74,3.1,0,5,42,2.5,,noun,,,99,nauseous,1.95,1.95,4.18,0,8,158,2.41,,adj,,,100,negligent,2.05,2.05,4.45,0,9,51,1.92,339,noun,NegCon,,102,nutcase,2.81,2.81,3.76,0,7,67,2.93,,noun,,,103,outcast,2.86,2.86,5.17,0,7,67,2.62,,noun,,,104,overwhelmed,2.8,2.8,4.9,0,11,201,1.92,,adj,,,105,pain,2,2,6.27,0,4,4995,3.5,502,noun,NegLet,,106,parasite,1.9,1.9,5.65,0,8,126,4.34,,noun,NegVal,2.853095238,0.055238188107,peril,3.19,3.19,5.95,0,5,98,2.52,,noun,,,108,pest,2.67,2.67,5.14,0,4,146,3.96,445,noun,,,109,phony,2.52,2.52,4.4,0,5,421,2.19,,noun,,,110,pity,3.18,3.18,4.07,0,4,1199,1.87,391,noun,,,111,pollution,2,2,5.19,0,9,97,3.75,509,noun,PosLet,,112,prick,2.81,2.81,4.26,0,5,720,3.91,,noun,,,113,problem,3.52,3.52,4.81,0,7,16833,2.68,411,noun,,,114,quitter,2.95,2.95,5.43,0,7,73,2.54,,noun,,,115,regret,3.41,3.41,4.9,0,6,1384,1.8,359,noun,,,116,reject,2.95,2.95,4.78,0,6,216,2.4,,noun,,,117,repulsive,1.95,,5.12,0,9,103,2.11,,adj,,,118,rude,2.04,2.04,4.7,0,4,1125,2.52,390,noun,,,119,sad,2.1,,3.49,0,3,3232,3.07,,adj,,,120,scoundrel,3.25,3.25,6.26,0,9,152,2.93,,noun,,,121,scum,2.12,2.12,5.2,0,4,505,3.9,,noun,,,122,scumbag,2.48,2.48,5.1,0,7,281,3.76,,noun,,,123,selfish,3.3,3.3,4.57,0,7,811,1.92,,adj,,,124,sham,3.45,3.45,3.14,0,4,77,3.07,,noun,,,125,shame,2.62,2.62,5.4,0,5,2120,2.24,419,noun,,,126,sinner,3.25,3.25,5.38,0,6,126,3.07,,noun,,,127,sleaze,2.95,2.95,4.12,0,6,39,2.41,,noun,,,128,slimy,3.21,3.21,5.1,0,5,159,3.26,,adj,,,129,slob,2.48,2.48,4.7,0,4,182,3.22,,noun,,,130,sloppy,3.42,3.42,3.64,0,6,300,2.44,,adj,,,131,stinky,3.16,3.16,3.76,0,6,182,3.73,,adj,,,132,stress,1.79,1.79,4.72,0,6,796,2.62,,noun,,,133,tense,2.75,2.75,5.32,0,5,522,2.35,,adj,,,134,terrible,2.1,2.1,4.39,0,8,4795,2.04,,adj,,,135,terrified,2.51,,6.1,0,9,488,2.43,,adj,,,136,toxin,2.42,2.42,5.52,0,5,46,3.89,,noun,,,137,traitor,2.39,2.39,4.27,0,7,540,3.69,447,noun,,,139,trash,2.74,2.74,3.66,0,5,1146,4.7,599,noun,,,140,turnoff,2.85,2.85,4.26,0,7,36,2.36,,noun,,,141,unbearable,2.1,2.1,5.76,0,10,129,2,,adj,NegPos,,142,undesirable,3,3,4,0,11,33,2.22,,noun,,,144,unemployed,2.67,2.67,5.26,0,10,186,2.57,,adj,,,145,unemployment,2.32,2.32,5.59,0,12,160,3.11,,noun,,,146,unfaithful,2.33,,5.59,0,10,120,1.93,,adj,,,147,unforgivable,2.33,,6.25,0,12,100,1.32,,adj,,,148,unhealthy,2.55,2.55,4.36,0,9,83,2.7,,adj,,,149,uninvited,3.35,3.35,4.38,0,9,71,2.39,,noun,,,150,unlucky,2.7,2.7,2.7,0,7,210,1.79,,adj,,,151,unpleasantness,2.59,2.59,4.36,0,14,29,2,425,noun,,,152,unreliable,2.74,,4.29,0,10,85,1.83,,adj,,,153,unsuccessful,2.33,,3.36,0,12,44,2.25,,adj,,,154,untrustworthy,2.67,2.67,4.8,0,13,21,2,,adj,,,155,unwanted,2.71,2.71,5.1,0,8,70,2,,adj,,,156,unwelcome,3.5,3.5,4.39,0,9,37,2,,adj,,,157,unworthy,2.79,2.79,4.24,0,8,97,1.93,,adj,,,158,useless,2.8,2.8,4.39,0,7,1017,1.78,,adj,,,159,vagrant,2.63,2.63,3.82,0,7,32,3.46,,noun,,,160,vermin,2.41,2.41,5.22,0,6,121,4.48,,noun,,,161,victim,2.05,2.05,5.37,0,6,2434,3.59,521,noun,PosCon,,162,wacko,3.89,3.89,5.32,0,5,141,2.28,,noun,,,163,wannabe,3.25,3.25,5.05,0,7,64,1.85,,noun,,,164,waste,2.61,2.61,4.04,0,5,2716,3.24,448,noun,,,165,wimp,3.05,3.05,2.38,0,4,159,2.9,,noun,,,166,woe,3.38,3.38,4.71,0,3,119,2.83,348,noun,,,167,worthless,1.89,1.89,4.45,0,9,473,1.97,,adj,,,168,academic,6.61,3.39,3.32,1,8,238,2.11,,noun,,,169,accomplishment,8.05,1.95,4.96,1,14,96,2.5,,noun,,,170,achievement,7.28,2.72,5.57,1,11,178,2.37,,noun,,,171,admired,7.25,2.75,5.95,1,7,187,1.84,,adj,,,172,adventure,7.4,2.6,6.36,1,9,685,2.59,,noun,,,173,adventurer,7,3,5.27,1,10,37,3.73,497,noun,,,174,affectionate,7.23,2.77,4.77,1,12,115,2.28,,adj,,,175,allure,6.9,3.1,4.25,1,6,30,1.92,,noun,,,176,ambition,7.28,2.72,4.86,1,8,273,1.74,346,noun,,,177,amusement,7,3,4.82,1,9,191,2.07,,noun,,,178,appeal,6.3,3.7,3.57,1,6,663,1.73,402,noun,,,179,art,6.85,3.15,4.48,1,3,3611,4.17,493,noun,,,180,asset,7.25,2.75,4.43,1,5,193,2.92,,noun,,,181,athlete,6.21,3.79,4.75,1,7,235,4.3,591,noun,,,182,attractive,7.19,2.81,4.91,1,10,1256,2.64,,noun,,,184,awareness,6.45,3.55,3.73,1,9,115,1.84,,noun,,,185,awesome,7.86,,6.05,1,7,1600,1.83,,adj,,,186,benevolence,6.29,3.71,4.35,1,11,21,1.63,,noun,,,187,blessing,7.18,2.82,4.21,1,8,495,2.19,422,noun,,,188,blissful,7.67,,3.74,1,8,27,2.15,,adj,,,189,brain,6.22,3.78,3.35,1,5,3928,4.69,572,noun,,,190,bravery,7.38,2.62,5.84,1,7,147,1.96,450,noun,,,191,buff,6.21,3.79,4.59,1,4,127,3.73,,noun,,,192,capable,7.05,,4,1,7,1062,2.21,,adj,,,193,carefree,7.32,2.68,4.15,1,8,69,1.88,,adj,,,194,champ,6.35,3.65,5.04,1,5,771,3.29,,noun,,,195,champion,7.33,2.67,4.74,1,8,1067,3.82,,adj,,,196,charitable,7.33,2.67,3.5,1,10,104,2.13,,adj,,,197,charm,7.34,,4.51,1,5,794,2.76,,noun,,,198,charming,7.05,,5,1,8,1434,2.14,,adj,,,199,clever,7.36,2.64,5.25,1,6,1391,1.79,,adj,,,200,cleverness,6.95,3.05,5.55,1,10,26,2.07,,noun,,,201,closeness,6.85,3.15,3.9,1,9,36,2.39,,noun,,,202,comfortable,7.67,,2.38,1,11,2408,2.33,,adj,,,203,comforting,7.47,,3,1,10,222,2.41,,adj,,,204,commitment,6.33,3.67,4.26,1,10,550,1.74,,noun,,,205,companion,7.25,2.75,4.06,1,9,323,3.75,,noun,,,206,companionship,7.9,2.1,5.05,1,13,96,2.45,,noun,,,207,compatibility,6.5,3.5,5.32,1,13,23,1.94,,noun,,,208,compensation,6.55,3.45,4.73,1,12,109,3.25,,noun,,,209,confidence,6.71,3.29,4.04,1,10,993,2.17,317,noun,,,210,confident,7.56,2.44,4.62,1,9,543,2.62,,adj,,,211,consideration,6.4,3.6,3.45,1,13,334,1.86,318,noun,,,212,contentment,6.62,3.38,4.6,1,11,21,2.25,,noun,,,213,courtesy,6.79,3.21,4.3,1,8,414,1.77,,noun,,,214,creative,7.06,2.94,4.86,1,8,548,1.93,,adj,,,215,creator,6.45,3.55,4.89,1,7,142,3.07,409,noun,,,216,delight,8.21,1.79,5.02,1,7,288,2.3,459,noun,,,217,delighted,7.74,,5,1,9,660,2.86,,adj,,,218,dependable,7.24,2.76,3.5,1,10,85,1.86,,adj,,,219,devoted,7.16,2.84,4.22,1,7,409,1.88,,adj,,,220,dreamer,7.45,2.55,4.4,1,7,155,2.19,507,noun,,,221,dynamo,6.21,3.79,5.18,1,6,26,2.71,,noun,,,222,easygoing,7.03,,3.2,1,9,22,1.59,,adj,,,223,enchantment,6.8,3.2,5.29,1,11,29,1.63,,noun,,,224,energetic,7.57,2.43,6.1,1,9,66,2.83,,adj,,,225,enjoyable,7.63,2.37,4.77,1,9,99,2.04,,adj,,,226,entertainer,6.48,3.52,6.15,1,11,84,4.17,,noun,,,227,enthusiasm,7.14,2.86,4.18,1,10,229,2.34,464,noun,,,228,enthusiastic,7.55,2.45,5.9,1,12,142,2.76,,adj,,,229,esteem,6.38,3.62,3.91,1,6,86,1.83,,noun,,,230,excellence,7.87,,5.3,1,10,134,2.2,,noun,,,231,excellent,7.56,,5.15,1,9,2688,2.11,,adj,,,232,excited,8.11,1.89,6.43,1,7,2479,2.32,,adj,,,233,expert,6.74,3.26,4.05,1,6,1128,2.85,,noun,,,234,extraordinary,7.45,2.55,4.22,1,13,771,2.13,,adj,,,235,favor,6.67,3.33,4.61,1,5,3609,2.07,,noun,,,236,favorite,7.39,2.61,4.4,1,8,3032,2.71,,noun,,,237,focus,6.48,3.52,4.45,1,5,1499,2.35,,noun,,,238,fondness,7.68,2.32,3.55,1,8,26,1.66,,noun,,,239,friend,6.79,3.21,4.29,1,6,21384,3.07,587,noun,,,240,friendly,7.84,2.16,4.27,1,8,1328,2.32,,adj,,,241,fun,8.37,1.63,6.32,1,3,12010,1.79,,noun,,,242,funny,7.59,,5.38,1,5,11127,2.5,,adj,,,243,generous,7.43,2.57,5.7,1,8,852,2.25,,adj,,,244,genius,7.52,2.48,6.2,1,6,1773,3,456,noun,,,245,gentle,7.42,2.58,3.17,1,6,844,2.1,,adj,,,246,giggle,7.95,2.05,5.39,1,6,87,3.72,,noun,,,247,goodwill,6.47,3.53,4.95,1,8,167,2.54,,noun,,,248,graceful,6.95,3.05,4,1,8,118,2.37,,adj,,,249,grateful,7.5,2.5,4.29,1,5,1355,1.78,,adj,,,250,happy,8.47,,6.05,1,5,16993,2.56,,adj,,,251,healer,7.38,2.62,3.95,1,6,84,3.52,,noun,,,252,healthy,7.76,,4.19,1,7,1262,3.31,,adj,,,253,heir,6.29,3.71,4,1,4,266,3.21,394,noun,,,254,helper,6.71,3.29,3.22,1,6,103,3.39,,noun,,,255,helpful,7.43,2.57,3.88,1,7,619,1.76,,adj,,,256,honest,8.16,,4,1,6,3689,1.66,,adj,,,257,hopeful,7.44,,4.84,1,7,152,1.7,,adj,,,258,hostess,6.7,3.3,4.18,1,7,189,4.12,,noun,,,259,hugger,6.81,3.19,4.8,1,6,21,4.14,,noun,,,260,humorous,7.81,,5.33,1,8,75,2.23,,adj,,,261,idealist,6.55,3.45,4.19,1,8,34,1.52,,noun,,,262,importance,6.39,3.61,4.15,1,10,390,1.75,347,noun,,,263,innocence,6.73,3.27,3.65,1,9,336,1.89,383,noun,,,264,insight,6.76,3.24,3.96,1,7,143,1.72,329,noun,,,265,intellectual,7.65,2.35,4.53,1,12,234,1.81,,noun,,,266,jolly,7.47,,5.95,1,5,382,2.34,,adj,,,267,joy,8.21,1.79,5.55,1,3,1456,2.37,533,noun,,,268,kinship,7.53,2.47,4.65,1,7,22,2.21,,noun,,,269,kisser,7.33,2.67,5.85,1,6,174,3.7,,noun,,,270,learner,6.4,3.6,4.23,1,7,61,3.28,,noun,,,271,legend,6.86,3.14,5.13,1,6,875,2.96,,noun,,,272,longevity,6.57,3.43,4.75,1,9,28,1.9,,noun,,,273,lovable,8.26,1.74,5.41,1,7,91,1.97,,adj,,,274,lover,8.05,1.95,7.45,1,5,1358,3.68,,noun,,,275,lucky,7.32,2.68,5.3,1,5,7316,1.76,,adj,,,276,mentor,7.05,2.95,3.5,1,6,178,3.7,,noun,,,278,mercy,6.4,3.6,3.67,1,5,1291,1.57,373,noun,,,279,merit,6.94,3.06,3.16,1,5,173,1.66,380,noun,,,280,newlywed,6.9,3.1,6.32,1,8,22,3.81,,noun,,,281,nourishment,7.44,2.56,3.1,1,11,62,2.97,,noun,,,282,openness,6.52,3.48,4.37,1,8,20,1.9,,noun,,,283,optimist,7.19,2.81,4.43,1,8,78,1.9,,noun,,,284,partner,7.11,2.89,3.7,1,7,3836,3.53,513,noun,,,285,passion,7.53,,6.08,1,7,1008,2.3,,adj,,,286,pay,6.23,3.77,4.24,1,3,12985,3.54,,noun,,,287,peaceful,8,,4.38,1,8,573,2.27,,adj,,,288,pedigree,6.33,3.67,4.09,1,8,39,2.79,,noun,,,289,perfect,7.19,2.81,4.71,1,7,8091,1.69,404,noun,,,290,perseverance,6.33,3.67,3.41,1,12,37,1.92,,noun,,,291,philanthropist,6.57,3.43,4.17,1,14,45,2.93,,noun,,,292,pizzazz,6.79,3.21,5.95,1,7,29,1.8,,noun,,,293,pleased,7.82,,4.25,1,7,1455,2.37,,adj,,,294,pleasure,7.8,2.2,6.8,1,8,4118,2.04,511,noun,,,295,positive,7.57,2.43,5.5,1,8,1613,2.44,,adj,,,296,precision,6.38,3.62,3.91,1,9,150,2.41,,noun,,,297,prize,8,2,5.5,1,5,1142,4.45,517,noun,,,298,productive,7.37,,4.6,1,10,123,2.64,,adj,,,299,proficiency,6.79,3.21,3.86,1,11,21,1.96,,noun,,,300,progress,6.58,3.42,3.82,1,8,1084,2.12,,noun,,,301,radiant,7.29,2.71,5.03,1,7,110,2.45,,adj,,,302,rapport,6.26,3.74,3.73,1,7,32,1.84,,noun,,,303,recognition,6.68,3.32,4.45,1,11,233,2.39,388,noun,,,304,relaxed,7.25,,2.49,1,7,356,2.5,,adj,,,305,respect,6.79,3.21,4.79,1,7,3644,2.04,343,noun,,,306,respectful,7.45,,3.32,1,10,97,2.19,,adj,,,307,romantic,7.61,2.39,5.12,1,8,1794,1.93,,noun,,,308,safe,7.7,,3.14,1,4,7303,3.41,,adj,,,309,safety,7.14,2.86,3.8,1,6,1649,2.37,397,noun,,,310,saint,6.4,3.6,3.48,1,5,914,3.45,394,noun,,,311,satisfied,7.16,,3.95,1,9,791,2.07,,adj,,,312,seeker,6.33,3.67,4.95,1,6,47,3.44,,noun,,,313,significance,6.21,3.79,4,1,12,178,1.68,,noun,,,314,skilled,7.05,,5,1,7,121,1.96,,adj,,,315,smart,7.73,2.27,3.81,1,5,4909,1.75,,adj,,,316,smiley,7.58,,5.09,1,6,109,3.93,,adj,,,317,sophistication,6.71,3.29,5.8,1,14,49,1.92,,noun,,,318,special,7.5,,3.48,1,7,7577,1.76,,adj,,,319,spectacular,7.5,,6.65,1,11,289,1.82,,adj,,,320,spirited,7.57,2.43,5.21,1,8,62,1.67,,adj,,,321,spontaneity,6.45,3.55,5.57,1,11,42,1.7,,noun,,,322,sportsmanship,6.3,3.7,5.14,1,13,28,1.97,,noun,,,323,success,7.49,2.51,5.8,1,7,1390,2.21,443,noun,,,324,sweetheart,7.84,2.16,5.39,1,10,3272,2.79,443,noun,,,325,sympathy,6.57,3.43,3.08,1,8,426,1.88,402,noun,,,326,talented,7.95,2.05,4.55,1,8,581,2.04,,adj,,,327,thinker,7.26,2.74,4.45,1,7,60,2.54,405,noun,,,328,thoughtful,7.26,,2.55,1,10,398,1.96,,adj,,,329,tolerance,6.43,3.57,3.36,1,9,130,2.11,,noun,,,330,traveler,6.39,3.61,4.75,1,8,154,4.07,,noun,,,331,trustworthy,7.25,,4.22,1,11,94,2.39,,adj,,,332,unique,7.32,2.68,4,1,6,696,1.89,,adj,,,333,unity,6.67,3.33,4.8,1,5,138,2.23,,noun,,,334,upbeat,7.14,,4.92,1,6,56,1.93,,adj,,,335,useful,7.1,2.9,3.83,1,6,669,2.14,,adj,,,336,valedictorian,6.32,3.68,4.43,1,13,63,3.93,,noun,,,337,value,7.18,2.82,5.79,1,5,1097,1.62,289,noun,,,338,vibrant,7.37,2.63,5.96,1,7,52,2.38,,adj,,,339,virtue,6.7,3.3,4.55,1,6,263,1.62,351,noun,,,340,visionary,6.6,3.4,4.48,1,9,66,2.48,,noun,,,341,volunteer,7.35,2.65,3.95,1,9,475,3.77,,noun,,,342,warmth,7.53,2.47,4.33,1,6,227,3.39,551,noun,,,343,wealth,7.33,2.67,5.24,1,6,324,2.63,500,noun,,,344,wellness,7.67,2.33,4.56,1,8,21,2,,noun,,,345,willingness,6.43,3.57,4.25,1,11,68,1.81,,noun,,,346,winner,7.86,2.14,6.53,1,6,1592,3.21,,noun,,,347,wise,7.42,,4.46,1,4,1452,1.97,,adj,,,348,witty,7.25,2.75,5.65,1,5,163,2.21,,adj,,,349,zest,6.76,3.24,5.41,1,4,35,2.27,,noun,,,