,Word,MeanValence,MeanArousal,val,letters,frequency,Concreteness,pos,Imageability,frequency_stand138,turnoff,2.85,4.26,0,7,36,2.36,noun,2.72,0.71107,pest,2.67,5.14,0,4,146,3.96,noun,4.5,2.8690,loser,2.85,3.94,0,5,1381,2.35,noun,3.56,27.0816,captive,3.27,4.88,0,7,116,3.03,noun,3.82,2.27164,worthless,1.89,4.45,0,9,473,1.97,adj,2.62,9.2726,cynic,3.45,4.68,0,5,56,2.64,noun,2.98,1.10136,traitor,2.39,4.27,0,7,540,3.69,noun,3.48,10.5938,distress,3.25,4,0,8,371,2.66,noun,3.16,7.2785,jerk,2.43,6.45,0,4,1690,3.26,noun,4.16,33.14122,selfish,3.3,4.57,0,7,811,1.92,adj,3.52,15.9011,bastard,3.31,5.1,0,7,3348,3.14,noun,3.38,65.6532,disappointment,2.79,4.9,0,14,277,1.93,noun,3.34,5.4382,insulting,1.89,4.7,0,9,274,2.29,adj,3.06,5.37152,unwanted,2.71,5.1,0,8,70,2,adj,2.52,1.3756,gloom,2.89,3.9,0,5,59,1.86,noun,3.94,1.1649,filth,2.62,4.09,0,5,231,4.14,noun,5.04,4.5341,dull,3.4,1.67,0,4,616,2.37,adj,3.14,12.0886,lazy,3.05,3.05,0,4,591,2.67,adj,3.68,11.5947,failure,2.15,5,0,7,1021,2.08,noun,3.2,20.02151,untrustworthy,2.67,4.8,0,13,21,2,adj,2.58,0.41131,stress,1.79,4.72,0,6,796,2.62,noun,3.22,15.61111,prick,2.81,4.26,0,5,720,3.91,noun,3.74,14.12133,terrible,2.1,4.39,0,8,4795,2.04,adj,3.1,94.02145,unhealthy,2.55,4.36,0,9,83,2.7,adj,3.66,1.632,alone,3.85,4,0,5,15735,2.86,noun,4.24,308.5376,inadequate,2.57,4.3,0,10,95,1.96,adj,2.16,1.86114,regret,3.41,4.9,0,6,1384,1.8,noun,2.82,27.1412,bitterness,3.15,5.1,0,10,72,2.36,noun,3.32,1.4195,mess,3.5,4.7,0,4,3985,3.9,noun,5.06,78.1484,irritating,2.63,4.91,0,10,111,2.1,adj,2.92,2.1855,garbage,2.88,3.84,0,7,1331,4.69,noun,5.52,26.105,annoying,3,5.55,0,8,567,2.31,adj,3.14,11.1283,irresponsible,2.5,5,0,13,237,2.04,adj,2.92,4.65130,stinky,3.16,3.76,0,6,182,3.73,adj,4.12,3.57153,unwelcome,3.5,4.39,0,9,37,2,adj,2.46,0.73108,phony,2.52,4.4,0,5,421,2.19,noun,3.16,8.2529,degenerate,2.7,4.68,0,10,93,2.04,noun,3.24,1.8267,heartbroken,1.95,6.6,0,11,93,2.37,adj,3.68,1.82115,reject,2.95,4.78,0,6,216,2.4,noun,3.24,4.2468,hesitation,3.67,3.61,0,10,94,2.59,noun,3.18,1.84118,sad,2.1,3.49,0,3,3232,3.07,adj,4.44,63.3781,insecure,2.3,4.57,0,8,207,1.84,adj,2.82,4.068,awkward,2.95,4.55,0,7,730,2,noun,3.62,14.3171,hypocrite,3.25,4.77,0,9,166,2.55,noun,3.1,3.25124,shame,2.62,5.4,0,5,2120,2.24,noun,3.28,41.576,anxiety,2.38,4.78,0,7,345,2.21,noun,3.48,6.7633,disaster,1.71,6.35,0,8,881,3.07,noun,4.74,17.2740,dropout,3.33,4.7,0,7,43,3.52,noun,2.82,0.8434,disgrace,2.45,4.28,0,8,409,2.11,noun,2.98,8.02119,scoundrel,3.25,6.26,0,9,152,2.93,noun,3.56,2.9860,grumpy,2.81,5.05,0,6,120,2.41,adj,4.42,2.3562,hardship,2.8,5.1,0,8,77,1.79,noun,2.98,1.51129,sloppy,3.42,3.64,0,6,300,2.44,adj,4.02,5.8822,creep,2.95,4.78,0,5,573,3.38,noun,4.04,11.2428,defect,2.89,4.14,0,6,126,2.48,noun,3.4,2.47127,slimy,3.21,5.1,0,5,159,3.26,adj,4.9,3.1243,embarrassed,3.51,5.38,0,11,1093,2,adj,3.82,21.43103,overwhelmed,2.8,4.9,0,11,201,1.92,adj,3.26,3.9452,fraud,2.05,5.18,0,5,512,1.68,noun,2.84,10.04157,vermin,2.41,5.22,0,6,121,4.48,noun,4.78,2.37144,unforgivable,2.33,6.25,0,12,100,1.32,adj,2.42,1.96113,quitter,2.95,5.43,0,7,73,2.54,noun,3.1,1.43140,undesirable,3,4,0,11,33,2.22,noun,2.88,0.6515,burden,3.05,3.96,0,6,501,2.63,noun,2.94,9.82116,repulsive,1.95,5.12,0,9,103,2.11,adj,3.54,2.02128,slob,2.48,4.7,0,4,182,3.22,noun,4.76,3.57146,uninvited,3.35,4.38,0,9,71,2.39,noun,2.72,1.3994,menace,3.13,4.89,0,6,190,2.3,noun,3.44,3.73141,unemployed,2.67,5.26,0,10,186,2.57,adj,3.26,3.6593,maggot,2,5.6,0,6,81,4.97,noun,5.8,1.5988,liar,2.41,6.6,0,4,1792,3.43,noun,3.68,35.14134,terrified,2.51,6.1,0,9,488,2.43,adj,4.18,9.57156,vagrant,2.63,3.82,0,7,32,3.46,noun,3.7,0.6377,incapable,3.55,3.9,0,9,173,1.64,adj,2.44,3.3945,emptiness,3.26,3.18,0,9,92,2.32,noun,3.26,1.8036,disgusting,2.27,6.15,0,10,1357,2.21,adj,4.34,26.61102,outcast,2.86,5.17,0,7,67,2.62,noun,3.88,1.3159,gross,3.2,5,0,5,779,2.96,adj,4,15.27100,negligent,2.05,4.45,0,9,51,1.92,noun,2.76,1.0099,nauseous,1.95,4.18,0,8,158,2.41,adj,4.24,3.10105,parasite,1.9,5.65,0,8,126,4.34,noun,4.94,2.4765,hater,2.33,4.14,0,5,32,2.21,noun,3.54,0.63143,unfaithful,2.33,5.59,0,10,120,1.93,adj,3.1,2.3578,incompetent,2.77,4.5,0,11,194,2.03,adj,2.58,3.80139,unbearable,2.1,5.76,0,10,129,2,adj,2.86,2.5313,boring,2.71,2.85,0,6,1398,2.07,adj,3.2,27.4180,inferior,3.43,4.55,0,8,156,1.7,adj,2.66,3.06117,rude,2.04,4.7,0,4,1125,2.52,noun,3.92,22.0666,headache,2.22,4.27,0,8,719,3.9,noun,4.42,14.1020,copycat,3.33,4.62,0,7,44,3.65,noun,3.4,0.86132,tense,2.75,5.32,0,5,522,2.35,adj,3.74,10.24147,unlucky,2.7,2.7,0,7,210,1.79,adj,2.8,4.1273,idiot,3.03,4.85,0,5,3377,3.32,noun,3.86,66.2251,fool,3.56,4.86,0,4,4556,3.19,noun,3.68,89.3392,lunatic,3.47,5.64,0,7,433,3.27,noun,4.2,8.4996,miserable,2.6,5.06,0,9,1096,1.97,adj,3.66,21.49109,pity,3.18,4.07,0,4,1199,1.87,noun,2.92,23.5121,coward,2.42,4.09,0,6,734,2.93,noun,4.12,14.3974,immoral,2.79,5.42,0,7,133,1.59,adj,2.6,2.6142,dummy,3.66,3.79,0,5,500,3.96,noun,3.9,9.80222,entertainer,6.48,6.15,1,11,84,4.17,noun,4.84,1.65167,achievement,7.28,5.57,1,11,178,2.37,noun,3.48,3.49272,mentor,7.05,3.5,1,6,178,3.7,noun,3.96,3.49328,unity,6.67,4.8,1,5,138,2.23,noun,3.2,2.71311,smiley,7.58,5.09,1,6,109,3.93,adj,5.1,2.14274,merit,6.94,3.16,1,5,173,1.66,noun,2.5,3.39307,seeker,6.33,4.95,1,6,47,3.44,noun,2.52,0.92225,esteem,6.38,3.91,1,6,86,1.83,noun,2.42,1.69338,wealth,7.33,5.24,1,6,324,2.63,noun,4.76,6.35294,proficiency,6.79,3.86,1,11,21,1.96,noun,2.78,0.41186,bravery,7.38,5.84,1,7,147,1.96,noun,3.78,2.88269,lovable,8.26,5.41,1,7,91,1.97,adj,3.8,1.78217,dynamo,6.21,5.18,1,6,26,2.71,noun,2.74,0.51322,thinker,7.26,4.45,1,7,60,2.54,noun,4.1,1.18313,special,7.5,3.48,1,7,7577,1.76,adj,3.06,148.57193,charm,7.34,4.51,1,5,794,2.76,noun,3.56,15.57189,carefree,7.32,4.15,1,8,69,1.88,adj,3.02,1.35192,charitable,7.33,3.5,1,10,104,2.13,adj,3.4,2.04343,witty,7.25,5.65,1,5,163,2.21,adj,3.3,3.20325,traveler,6.39,4.75,1,8,154,4.07,noun,4.66,3.02224,enthusiastic,7.55,5.9,1,12,142,2.76,adj,3.76,2.78173,ambition,7.28,4.86,1,8,273,1.74,noun,3.26,5.35279,partner,7.11,3.7,1,7,3836,3.53,noun,4.58,75.22317,sportsmanship,6.3,5.14,1,13,28,1.97,noun,3.92,0.55303,safe,7.7,3.14,1,4,7303,3.41,adj,3.8,143.20228,excited,8.11,6.43,1,7,2479,2.32,adj,4.02,48.61196,cleverness,6.95,5.55,1,10,26,2.07,noun,3.02,0.51190,champ,6.35,5.04,1,5,771,3.29,noun,4.6,15.12312,sophistication,6.71,5.8,1,14,49,1.92,noun,3.62,0.96310,smart,7.73,3.81,1,5,4909,1.75,adj,3.76,96.25235,friend,6.79,4.29,1,6,21384,3.07,noun,4.78,419.29302,romantic,7.61,5.12,1,8,1794,1.93,noun,4.32,35.18249,heir,6.29,4,1,4,266,3.21,noun,3.08,5.22297,spirited,7.57,5.21,1,8,62,1.67,adj,3.32,1.22257,idealist,6.55,4.19,1,8,34,1.52,noun,2.94,0.67336,volunteer,7.35,3.95,1,9,475,3.77,noun,4.06,9.31301,respectful,7.45,3.32,1,10,97,2.19,adj,3.32,1.90253,hopeful,7.44,4.84,1,7,152,1.7,adj,3.16,2.98172,allure,6.9,4.25,1,6,30,1.92,noun,2.66,0.59295,progress,6.58,3.82,1,8,1084,2.12,noun,3.56,21.25241,gentle,7.42,3.17,1,6,844,2.1,adj,4.08,16.55267,legend,6.86,5.13,1,6,875,2.96,noun,3.58,17.16216,dreamer,7.45,4.4,1,7,155,2.19,noun,3.78,3.04201,companion,7.25,4.06,1,9,323,3.75,noun,4.32,6.33226,excellence,7.87,5.3,1,10,134,2.2,noun,2.84,2.63171,affectionate,7.23,4.77,1,12,115,2.28,adj,3.9,2.25339,wellness,7.67,4.56,1,8,21,2,noun,3.44,0.41168,admired,7.25,5.95,1,7,187,1.84,adj,3.4,3.67248,healthy,7.76,4.19,1,7,1262,3.31,adj,4.14,24.75256,humorous,7.81,5.33,1,8,75,2.23,adj,3.88,1.47220,energetic,7.57,6.1,1,9,66,2.83,adj,4.04,1.29179,attractive,7.19,4.91,1,10,1256,2.64,adj,4.68,24.63314,spectacular,7.5,6.65,1,11,289,1.82,adj,3.08,5.67321,talented,7.95,4.55,1,8,581,2.04,adj,3.72,11.39327,unique,7.32,4,1,6,696,1.89,adj,2.92,13.65306,satisfied,7.16,3.95,1,9,791,2.07,adj,3.14,15.51332,value,7.18,5.79,1,5,1097,1.62,noun,3.12,21.51215,devoted,7.16,4.22,1,7,409,1.88,adj,3.2,8.02229,expert,6.74,4.05,1,6,1128,2.85,noun,3.54,22.12288,pleased,7.82,4.25,1,7,1455,2.37,adj,3.68,28.53255,hugger,6.81,4.8,1,6,21,4.14,noun,4,0.41324,tolerance,6.43,3.36,1,9,130,2.11,noun,3,2.55266,learner,6.4,4.23,1,7,61,3.28,noun,3.72,1.20187,buff,6.21,4.59,1,4,127,3.73,noun,4.4,2.49218,easygoing,7.03,3.2,1,9,22,1.59,adj,3.46,0.43198,comfortable,7.67,2.38,1,11,2408,2.33,adj,4.12,47.22237,fun,8.37,6.32,1,3,12010,1.79,noun,4.04,235.49188,capable,7.05,4,1,7,1062,2.21,adj,3.2,20.82252,honest,8.16,4,1,6,3689,1.66,adj,3.08,72.33178,athlete,6.21,4.75,1,7,235,4.3,noun,5.58,4.61184,blissful,7.67,3.74,1,8,27,2.15,adj,3.64,0.53246,happy,8.47,6.05,1,5,16993,2.56,adj,4.52,333.20244,graceful,6.95,4,1,8,118,2.37,adj,4.22,2.31344,zest,6.76,5.41,1,4,35,2.27,noun,2.78,0.69271,lucky,7.32,5.3,1,5,7316,1.76,adj,3.6,143.45341,winner,7.86,6.53,1,6,1592,3.21,noun,4.64,31.22342,wise,7.42,4.46,1,4,1452,1.97,adj,3.46,28.47316,spontaneity,6.45,5.57,1,11,42,1.7,noun,2.6,0.82250,helper,6.71,3.22,1,6,103,3.39,noun,3.76,2.02170,adventurer,7,5.27,1,10,37,3.73,noun,4.74,0.73262,jolly,7.47,5.95,1,5,382,2.34,adj,4.14,7.49330,useful,7.1,3.83,1,6,669,2.14,adj,3.12,13.12282,peaceful,8,4.38,1,8,573,2.27,adj,4.08,11.24175,appeal,6.3,3.57,1,6,663,1.73,noun,3.02,13.00165,academic,6.61,3.32,1,8,238,2.11,noun,3.96,4.67335,visionary,6.6,4.48,1,9,66,2.48,noun,3.26,1.29278,optimist,7.19,4.43,1,8,78,1.9,noun,3.34,1.53210,creative,7.06,4.86,1,8,548,1.93,adj,3.8,10.75293,productive,7.37,4.6,1,10,123,2.64,adj,3.22,2.41254,hostess,6.7,4.18,1,7,189,4.12,noun,4.74,3.71273,mercy,6.4,3.67,1,5,1291,1.57,noun,3.14,25.31221,enjoyable,7.63,4.77,1,9,99,2.04,adj,3.64,1.94200,commitment,6.33,4.26,1,10,550,1.74,noun,3.32,10.78291,skilled,7.05,5,1,7,121,1.96,adj,3.32,2.37206,confident,7.56,4.62,1,9,543,2.62,adj,4,10.65277,openness,6.52,4.37,1,8,20,1.9,noun,2.8,0.39296,radiant,7.29,5.03,1,7,110,2.45,adj,3.84,2.16177,asset,7.25,4.43,1,5,193,2.92,noun,3.02,3.78247,healer,7.38,3.95,1,6,84,3.52,noun,4.16,1.65314,vibrant,7.37,5.96,1,7,52,2.38,adj,3.9,1.02